step,maxId,removed,holderDegree,s4,v4,s6,v6,s8,v8,s12,v12,holderTrend,bgSucc,bgHits,bgVis,rewireNodes,rewireJoins,edges,holderTrending
200,209,48,-1,0,58,0,109,0,122,0,125,0,11,14,123,0,0,575,0
400,409,99,-1,0,70,0,176,0,219,0,233,0,14,32,222,0,0,1155,0
600,609,160,-1,0,75,0,231,0,311,0,338,0,19,61,316,0,0,1715,0
800,809,222,-1,0,86,0,251,0,392,0,426,0,20,62,391,0,0,2274,0
1000,1009,267,-1,0,84,0,292,0,458,0,529,0,20,95,457,1,2,2858,0
1200,1209,316,-1,0,86,0,313,0,521,0,610,0,20,90,517,2,4,3448,0
1400,1409,383,-1,0,87,0,331,0,577,0,701,0,20,102,577,2,4,4031,0
1600,1609,446,-1,0,89,0,344,0,628,0,782,0,20,146,633,0,0,4613,0
1800,1809,505,-1,0,92,0,387,0,739,0,939,0,20,154,741,0,0,5156,0
2000,2009,560,-1,0,96,0,385,0,788,0,1010,0,20,160,788,0,0,5739,0
2200,2209,629,-1,0,92,0,410,0,854,0,1118,0,20,158,844,0,0,6299,0
2400,2409,685,-1,0,90,0,427,0,907,0,1206,0,20,174,903,2,4,6873,0
2600,2609,741,-1,0,94,0,439,0,948,0,1309,0,20,199,971,1,2,7453,0
2800,2809,802,-1,0,96,0,461,0,1010,0,1384,0,20,202,995,1,2,8033,0
3000,3009,873,3,0,92,0,460,6,1057,13,1464,0,20,217,1057,3,6,8609,0
3200,3209,930,3,0,93,0,459,3,1084,8,1532,0.018,20,220,1084,3,6,9200,0
3400,3409,986,3,0,96,2,484,3,1119,5,1613,0.014,20,224,1125,2,4,9786,0
3600,3609,1047,3,1,99,3,500,4,1213,3,1741,0.0109,20,253,1203,3,6,10350,0
3800,3809,1108,3,0,99,2,488,2,1225,10,1820,0.0084,20,235,1228,2,4,10939,0
4000,4009,1183,3,1,99,4,498,5,1248,8,1885,0.0063,20,258,1269,1,2,11522,0
4200,4209,1239,3,0,99,2,510,4,1278,4,1947,0.0047,20,240,1270,1,2,12115,0
4400,4409,1292,3,0,98,2,517,6,1334,12,2042,0.0035,20,265,1345,2,4,12693,0
4600,4609,1353,3,0,97,3,530,7,1383,11,2185,0.0153,20,284,1404,2,4,13272,0
4800,4809,1407,3,1,97,2,536,6,1437,7,2254,0.0297,20,261,1416,2,4,13852,0
5000,5009,1477,3,0,98,1,535,7,1429,9,2313,0.0678,20,287,1427,0,0,14425,0
5200,5209,1540,5,2,97,1,535,8,1469,13,2364,0.0725,20,304,1461,1,2,15018,1
5400,5409,1609,7,0,100,3,543,6,1483,16,2457,0.0826,20,323,1489,1,2,15598,1
5600,5609,1671,9,1,100,1,543,8,1552,19,2556,0.0736,20,307,1534,1,2,16178,1
5800,5809,1733,11,1,100,2,547,13,1565,20,2619,0.095,20,299,1582,1,2,16768,1
6000,6009,1792,13,0,99,7,564,15,1613,18,2722,0.138,20,296,1588,1,2,17340,1
6200,6209,1859,15,3,99,2,540,12,1608,20,2779,0.1622,20,300,1653,3,6,17930,1
6400,6409,1905,17,1,98,6,581,17,1711,20,2928,0.1763,20,389,1695,3,6,18495,1
6600,6609,1963,19,3,101,5,580,18,1732,20,2993,0.1693,20,343,1739,2,4,19083,1
6800,6809,2037,22,0,104,5,568,16,1741,20,3055,0.1906,20,370,1731,1,2,19669,1
7000,7009,2087,24,2,101,9,575,17,1727,20,3145,0.1949,20,347,1743,1,2,20257,1
7200,7209,2157,27,1,97,9,587,18,1770,20,3229,0.1782,20,318,1768,1,2,20841,1
7400,7409,2220,29,0,100,10,589,18,1803,20,3282,0.1863,20,342,1784,1,2,21430,1
7600,7609,2283,32,1,102,6,591,16,1844,20,3405,0.174,20,367,1835,1,2,21988,1
7800,7809,2338,34,4,99,6,593,19,1863,20,3464,0.1741,20,338,1889,1,2,22576,1
8000,8009,2394,36,1,100,11,602,19,1871,20,3549,0.1636,20,394,1895,1,2,23172,1
8200,8209,2462,39,1,102,9,597,19,1879,20,3629,0.1677,20,368,1916,1,2,23754,1
8400,8409,2529,42,0,105,8,597,18,1907,20,3686,0.1592,20,383,1931,3,6,24335,1
8600,8609,2591,45,1,102,7,604,19,1950,20,3753,0.1885,20,388,1974,3,6,24918,1
8800,8809,2662,48,1,101,4,592,20,1943,20,3803,0.1788,20,401,1954,3,6,25496,1
9000,9009,2718,50,4,98,11,613,19,1997,20,3867,0.1937,20,422,1981,2,4,26086,1
9200,9209,2777,55,2,98,10,601,20,1989,20,3953,0.1889,20,416,1985,2,4,26677,1
9400,9409,2829,58,3,102,11,626,19,2001,20,4057,0.207,20,425,1989,2,4,27259,1
9600,9609,2881,60,2,104,5,598,19,2044,20,4138,0.1995,20,402,2015,1,2,27847,1
9800,9809,2937,62,3,97,10,608,18,2051,20,4233,0.2089,20,461,2060,1,2,28425,1
10000,10009,2993,64,2,104,13,609,19,2114,20,4310,0.201,20,382,2067,2,4,29012,1
10200,10209,3056,67,2,100,13,604,19,2095,20,4367,0.2038,20,397,2070,2,4,29600,1
10400,10409,3106,70,5,101,11,627,20,2115,20,4447,0.1918,20,416,2136,3,6,30203,1
10600,10609,3160,73,1,99,12,615,19,2111,20,4496,0.2027,20,438,2121,3,6,30796,1
10800,10809,3219,75,1,95,8,627,20,2157,20,4549,0.2002,20,446,2095,4,8,31395,1
11000,11009,3275,79,3,97,16,610,20,2168,20,4606,0.1845,20,448,2178,4,8,31999,1
11200,11209,3339,81,1,102,12,609,20,2157,20,4669,0.1706,20,421,2151,2,4,32593,1
11400,11409,3401,84,7,102,10,619,20,2173,20,4758,0.1909,20,415,2169,1,2,33174,1
11600,11609,3454,86,3,99,16,609,20,2202,20,4830,0.1907,20,432,2171,1,2,33767,1
11800,11809,3513,90,3,103,12,638,20,2248,20,4970,0.1806,20,422,2232,2,4,34347,1
12000,12009,3578,94,3,103,14,640,20,2259,20,5015,0.1974,20,477,2213,2,4,34943,1
12200,12209,3639,97,3,97,16,628,20,2295,20,5128,0.161,20,433,2268,4,8,35520,1
12400,12409,3700,102,3,100,15,642,20,2263,20,5209,0.1668,20,469,2287,4,8,36114,1
12600,12609,3758,105,9,100,14,629,20,2306,20,5268,0.1714,20,489,2345,4,8,36701,1
12800,12809,3812,108,2,103,11,652,20,2296,20,5324,0.1601,20,488,2282,4,8,37298,1
13000,13009,3861,112,1,103,13,635,20,2287,20,5388,0.1723,20,450,2328,4,8,37900,1
13200,13209,3921,117,5,103,15,633,20,2338,20,5472,0.1768,20,442,2287,3,6,38491,1
13400,13409,3988,120,4,104,14,642,20,2302,20,5528,0.1845,20,455,2395,3,6,39081,1
13600,13609,4040,122,1,102,15,652,20,2357,20,5616,0.1906,20,465,2343,5,10,39680,1
13800,13809,4093,124,4,102,16,643,20,2338,20,5651,0.2005,20,538,2398,5,10,40280,1
14000,14009,4163,130,2,100,12,644,20,2371,20,5684,0.2034,20,479,2404,4,8,40874,1
14200,14209,4219,135,4,102,17,644,20,2364,20,5773,0.2057,20,433,2362,4,8,41476,1
