step,maxId,removed,holderDegree,s4,v4,s6,v6,s8,v8,s12,v12,holderTrend,bgSucc,bgHits,bgVis,rewireNodes,rewireJoins,edges,holderTrending,entK,entC,entL,holderEntryRule
200,209,58,-1,0,55,0,103,0,113,0,111,0,10,16,113,0,0,581,0,0,0,0,0
400,409,126,-1,0,70,0,164,0,200,0,210,0,15,45,201,0,0,1132,0,0,0,0,0
600,609,184,-1,0,79,0,226,0,294,0,317,0,15,54,293,0,0,1695,0,0,0,0,0
800,809,243,-1,0,82,0,256,0,372,0,412,0,20,79,376,0,0,2262,0,0,0,0,0
1000,1009,294,-1,0,85,0,293,0,446,0,507,0,19,83,447,0,0,2838,0,0,0,0,0
1200,1209,360,-1,0,89,0,320,0,525,0,595,0,20,99,521,0,0,3392,0,0,0,0,0
1400,1409,419,-1,0,90,0,322,0,580,0,683,0,20,109,571,0,0,3967,0,0,0,0,0
1600,1609,482,-1,0,91,0,353,0,635,0,772,0,20,143,655,0,0,4539,0,0,0,0,0
1800,1809,540,-1,0,93,0,361,0,672,0,848,0,20,137,675,0,0,5113,0,0,0,0,0
2000,2009,608,-1,0,88,0,387,0,737,0,948,0,20,160,744,0,0,5682,0,0,0,0,0
2200,2209,672,-1,0,93,0,398,0,785,0,1038,0,20,152,782,0,0,6263,0,0,0,0,0
2400,2409,735,-1,0,94,0,396,0,834,0,1108,0,20,186,820,0,0,6844,0,0,0,0,0
2600,2609,789,-1,0,95,0,414,0,872,0,1199,0,20,181,878,0,0,7431,0,0,0,0,0
2800,2809,855,-1,0,96,0,427,0,926,0,1295,0,20,172,917,0,0,8011,0,0,0,0,0
3000,3009,910,3,0,93,2,418,5,940,4,1364,0,20,206,949,0,0,8592,0,0,0,0,0
3200,3209,983,3,0,96,1,433,3,1004,1,1443,0.015,20,188,971,0,0,9161,0,0,0,0,0
3400,3409,1042,3,0,93,2,450,3,1032,4,1531,0.0117,20,213,1023,0,0,9733,0,0,0,0,0
3600,3609,1102,3,2,95,0,449,1,1092,3,1628,0.0091,20,204,1081,0,0,10309,0,0,0,0,0
3800,3809,1166,3,0,94,0,471,5,1137,0,1739,0.043,20,207,1151,0,0,10870,0,0,0,0,0
4000,4009,1208,3,0,96,3,478,3,1195,2,1843,0.0334,20,221,1182,0,0,11465,0,0,0,0,0
4200,4209,1271,3,0,92,0,482,2,1217,1,1892,0.0557,20,239,1184,0,0,12053,0,0,0,0,0
4400,4409,1334,3,0,94,1,489,4,1239,2,1971,0.043,20,248,1236,0,0,12645,0,0,0,0,0
4600,4609,1391,5,0,97,2,483,8,1263,13,2051,0.0779,20,266,1281,1,2,13231,1,1,0,0,1
4800,4809,1450,7,0,97,2,489,8,1284,10,2136,0.127,20,260,1293,1,2,13817,1,0,0,0,1
5000,5009,1508,9,1,95,3,511,10,1323,17,2257,0.1099,20,255,1350,1,2,14388,1,0,0,0,1
5200,5209,1569,11,0,99,4,515,13,1418,19,2339,0.1148,20,302,1393,1,2,14968,1,0,0,0,1
5400,5409,1627,14,1,97,7,527,14,1419,19,2418,0.142,20,271,1420,1,2,15548,1,0,0,0,1
5600,5609,1689,16,0,99,4,521,18,1431,20,2518,0.1547,20,300,1455,2,4,16135,1,1,0,0,1
5800,5809,1761,20,3,98,10,514,16,1480,20,2582,0.1596,20,272,1444,2,4,16717,1,0,0,0,1
6000,6009,1827,22,1,99,11,545,19,1556,20,2683,0.146,20,304,1540,2,4,17290,1,0,0,0,1
6200,6209,1878,24,1,99,9,535,16,1550,20,2751,0.1428,20,316,1556,2,4,17881,1,0,0,0,1
6400,6409,1938,26,0,101,7,547,14,1546,20,2824,0.1354,20,310,1559,1,2,18469,1,0,0,0,1
6600,6609,1992,28,0,97,7,532,16,1602,20,2884,0.14,20,285,1549,2,4,19064,1,1,0,0,1
6800,6809,2043,30,6,102,10,542,16,1608,20,2953,0.1524,20,316,1600,2,4,19656,1,0,0,0,1
7000,7009,2102,33,2,98,10,542,17,1627,20,3045,0.1535,20,329,1655,2,4,20234,1,0,0,0,1
7200,7209,2170,35,3,98,15,555,19,1660,20,3110,0.1428,20,340,1642,2,4,20822,1,0,0,0,1
7400,7409,2239,37,1,99,9,555,18,1696,20,3210,0.1731,20,347,1708,3,6,21403,1,1,0,0,1
7600,7609,2298,40,0,98,6,570,20,1765,20,3310,0.1908,20,373,1738,3,6,21984,1,0,0,0,1
7800,7809,2355,44,2,100,7,583,20,1768,20,3390,0.1853,20,373,1774,6,12,22576,1,3,0,0,1
8000,8009,2417,47,4,101,11,585,19,1851,20,3533,0.1952,20,392,1838,6,12,23152,1,0,0,0,1
8200,8209,2474,51,2,98,14,583,19,1892,20,3614,0.1954,20,394,1873,7,14,23752,1,1,0,0,1
8400,8409,2527,55,1,98,11,580,20,1873,20,3668,0.1957,20,391,1865,7,14,24351,1,0,0,0,1
8600,8609,2587,57,3,99,10,580,20,1925,20,3729,0.1812,20,371,1879,9,18,24951,1,4,0,0,1
8800,8809,2643,59,1,98,10,591,20,1893,20,3798,0.1882,20,405,1903,10,20,25563,1,1,0,0,1
9000,9009,2707,62,4,103,13,593,20,1930,20,3867,0.2002,20,371,1914,9,18,26162,1,1,0,0,1
9200,9209,2768,64,1,99,9,596,19,1912,20,3901,0.1834,20,366,1940,9,18,26770,1,1,0,0,1
9400,9409,2832,66,2,98,10,608,20,1921,20,3985,0.1775,20,392,1912,7,14,27374,1,0,0,0,1
9600,9609,2879,68,0,99,11,591,20,1928,20,4037,0.1803,20,350,1964,6,12,27980,1,0,0,0,1
9800,9809,2940,73,1,99,12,583,20,1930,20,4087,0.1825,20,446,1963,7,14,28583,1,2,0,0,1
10000,10009,2995,78,4,101,11,610,20,1963,20,4169,0.1593,20,385,2012,8,16,29185,1,2,0,0,1
10200,10209,3047,80,4,100,13,586,19,1953,20,4213,0.1507,20,395,1934,10,20,29795,1,3,0,0,1
10400,10409,3113,83,3,101,13,596,20,2007,20,4274,0.1639,20,373,2014,12,24,30410,1,2,0,0,1
10600,10609,3166,86,3,96,10,616,20,2033,20,4332,0.1756,20,412,1966,12,24,31023,1,0,0,0,1
10800,10809,3234,88,5,100,14,606,20,2032,20,4415,0.1888,20,414,2069,14,28,31638,1,5,0,0,1
11000,11009,3290,91,3,100,13,613,20,2081,20,4560,0.1903,20,423,2056,12,24,32230,1,0,0,0,1
11200,11209,3346,94,4,99,14,605,20,2088,20,4594,0.1956,20,406,2110,11,22,32846,1,2,0,0,1
11400,11409,3410,96,0,99,13,631,20,2196,20,4842,0.1847,20,459,2169,10,20,33417,1,0,0,0,1
11600,11609,3474,98,1,103,12,616,20,2204,20,4886,0.1761,20,435,2194,14,28,34035,1,5,0,0,1
11800,11809,3537,101,2,102,13,633,20,2234,20,4975,0.1546,20,443,2239,13,26,34622,1,1,0,0,1
12000,12009,3597,103,1,103,15,630,20,2232,20,5066,0.1719,20,497,2245,10,20,35228,1,1,0,0,1
12200,12209,3674,107,5,101,14,637,20,2266,20,5084,0.2109,20,478,2233,11,22,35836,1,1,0,0,1
12400,12409,3734,109,1,101,13,641,20,2246,20,5103,0.2029,20,475,2278,11,22,36451,1,0,0,0,1
12600,12609,3796,112,2,103,15,639,20,2277,20,5177,0.2006,20,503,2311,9,18,37063,1,0,0,0,1
12800,12809,3860,116,3,103,16,640,20,2315,20,5257,0.1788,20,495,2275,4,8,37653,1,0,0,0,1
13000,13009,3925,119,3,101,14,647,20,2277,20,5315,0.1713,20,478,2323,4,8,38247,1,1,0,0,1
13200,13209,3984,120,7,101,15,649,19,2338,20,5416,0.1754,20,497,2307,5,10,38832,1,2,0,0,1
13400,13409,4038,123,3,98,14,635,20,2376,20,5467,0.1686,20,472,2363,6,12,39428,1,2,0,0,1
13600,13609,4094,126,4,103,14,648,20,2343,20,5593,0.1588,20,466,2351,12,24,40026,1,6,0,0,1
13800,13809,4160,128,4,103,10,647,20,2426,20,5669,0.1766,20,515,2432,13,26,40629,1,1,0,0,1
14000,14009,4226,131,4,101,14,636,20,2402,20,5785,0.1746,20,466,2347,14,28,41231,1,1,0,0,1
14200,14209,4276,133,3,101,12,638,20,2448,20,5829,0.203,20,485,2419,15,30,41847,1,2,0,0,1
