step,maxId,removed,holderDegree,s4,v4,s6,v6,s8,v8,s12,v12,holderTrend,bgSucc,bgHits,bgVis,rewireNodes,rewireJoins,edges,holderTrending,deg1,s8i1,trending1,deg2,s8i2,trending2,deg3,s8i3,trending3,deg4,s8i4,trending4
200,209,60,-1,0,57,0,103,0,115,0,114,0,12,20,113,0,0,560,0,-1,0,0,-1,0,0,-1,0,0,-1,0,0
400,409,114,-1,0,69,0,163,0,208,0,222,0,16,48,214,0,0,1131,0,-1,0,0,-1,0,0,-1,0,0,-1,0,0
600,609,178,-1,0,76,0,201,0,276,0,300,0,18,72,273,1,2,1710,0,-1,0,0,-1,0,0,-1,0,0,-1,0,0
800,809,245,-1,0,80,0,241,0,359,0,404,0,20,61,351,2,4,2280,0,-1,0,0,-1,0,0,-1,0,0,-1,0,0
1000,1009,316,-1,0,81,0,264,0,415,0,474,0,18,70,412,2,4,2855,0,-1,0,0,-1,0,0,-1,0,0,-1,0,0
1200,1209,381,-1,0,86,0,307,0,506,0,590,0,20,75,507,1,2,3399,0,-1,0,0,-1,0,0,-1,0,0,-1,0,0
1400,1409,438,-1,0,88,0,332,0,567,0,682,0,20,106,569,0,0,3972,0,-1,0,0,-1,0,0,-1,0,0,-1,0,0
1600,1609,505,-1,0,91,0,339,0,626,0,756,0,20,99,614,0,0,4529,0,-1,0,0,-1,0,0,-1,0,0,-1,0,0
1800,1809,569,-1,0,92,0,376,0,687,0,840,0,20,118,696,0,0,5090,0,-1,0,0,-1,0,0,-1,0,0,-1,0,0
2000,2009,634,-1,0,91,0,386,0,743,0,939,0,20,131,746,0,0,5659,0,-1,0,0,-1,0,0,-1,0,0,-1,0,0
2200,2209,692,-1,0,92,0,405,0,787,0,1017,0,20,178,808,0,0,6234,0,-1,0,0,-1,0,0,-1,0,0,-1,0,0
2400,2409,747,-1,0,93,0,408,0,855,0,1120,0,20,172,863,4,8,6816,0,-1,0,0,-1,0,0,-1,0,0,-1,0,0
2600,2609,803,-1,0,96,0,421,0,896,0,1194,0,20,169,913,7,14,7402,0,-1,0,0,-1,0,0,-1,0,0,-1,0,0
2800,2809,857,-1,0,92,0,443,0,953,0,1281,0,20,187,947,8,16,8002,0,-1,0,0,-1,0,0,-1,0,0,-1,0,0
3000,3009,917,3,1,94,2,439,6,992,5,1358,0,20,216,991,6,12,8594,0,-1,0,0,-1,0,0,-1,0,0,-1,0,0
3200,3209,958,3,0,96,2,447,6,1052,4,1463,0,20,224,1027,4,8,9184,0,-1,0,0,-1,0,0,-1,0,0,-1,0,0
3400,3409,1011,3,0,95,1,462,4,1057,5,1540,0,20,201,1071,5,10,9785,0,-1,0,0,-1,0,0,-1,0,0,-1,0,0
3600,3609,1060,3,0,99,1,463,3,1118,4,1624,0,20,223,1114,6,12,10379,0,3,5,0,-1,0,0,-1,0,0,-1,0,0
3800,3809,1135,3,1,98,2,476,7,1151,7,1703,0,20,229,1166,4,8,10976,0,3,2,0,-1,0,0,-1,0,0,-1,0,0
4000,4009,1203,3,0,97,0,487,3,1155,3,1737,0,20,239,1159,3,6,11562,0,3,4,0,-1,0,0,-1,0,0,-1,0,0
4200,4209,1257,3,0,97,4,481,3,1190,3,1828,0,20,277,1195,5,10,12170,0,3,6,0,3,5,0,-1,0,0,-1,0,0
4400,4409,1313,3,0,96,1,487,4,1244,2,1909,0.018,20,241,1243,2,4,12758,0,3,2,0,3,4,0,-1,0,0,-1,0,0
4600,4609,1372,3,1,95,1,488,5,1278,4,2000,0.014,20,249,1259,5,10,13352,0,3,2,0,3,7,0,3,5,0,-1,0,0
4800,4809,1439,3,0,100,1,511,3,1309,7,2064,0.0109,20,282,1311,6,12,13952,0,3,2,0,3,7,0,3,2,0,-1,0,0
5000,5009,1515,3,0,101,0,537,1,1418,5,2222,0.0341,20,264,1410,6,12,14506,0,3,4,0,3,1,0,3,7,0,-1,0,0
5200,5209,1579,3,0,100,0,512,4,1451,2,2300,0.0264,20,269,1422,5,10,15102,0,3,2,0,3,4,0,3,4,0,3,4,0
5400,5409,1632,3,1,99,2,541,1,1443,4,2353,0.1103,20,288,1449,5,10,15701,0,3,4,0,3,1,0,3,4,0,3,5,0
5600,5609,1695,5,0,98,2,534,3,1491,15,2437,0.1056,20,297,1457,6,12,16296,1,3,1,0,3,9,0,3,1,0,3,9,0
5800,5809,1758,7,0,100,4,539,10,1516,15,2524,0.0965,20,312,1517,4,8,16886,1,3,5,0,3,6,0,3,1,0,3,4,0
6000,6009,1817,10,0,97,3,560,11,1550,18,2600,0.0743,20,319,1545,4,8,17475,1,3,3,0,3,3,0,3,5,0,3,6,0
6200,6209,1884,12,2,100,6,537,10,1535,20,2682,0.0683,20,346,1551,6,12,18064,1,3,6,0,3,5,0,3,2,0,3,6,0
6400,6409,1945,14,1,99,5,542,17,1574,19,2756,0.0597,20,312,1574,5,10,18655,1,3,5,0,3,5,0,3,3,0,3,7,0
6600,6609,2001,16,0,99,9,556,15,1569,20,2813,0.0523,20,303,1591,6,12,19258,1,3,6,0,3,4,0,3,3,0,3,4,0
6800,6809,2055,18,1,102,4,553,14,1639,20,2890,0.0647,20,310,1604,7,14,19855,1,3,4,0,3,3,0,3,3,0,3,3,0
7000,7009,2118,20,3,101,7,557,15,1670,20,2964,0.0801,20,282,1649,4,8,20447,1,3,4,0,3,0,0,3,2,0,3,5,0
7200,7209,2173,22,1,99,5,556,17,1653,19,3047,0.0924,20,343,1673,2,4,21035,1,3,3,0,3,6,0,3,3,0,3,4,0
7400,7409,2230,24,0,99,6,555,15,1664,20,3109,0.1099,20,324,1729,2,4,21626,1,3,2,0,3,6,0,3,4,0,3,2,0
7600,7609,2289,26,1,101,9,566,19,1681,20,3180,0.1117,20,362,1704,1,2,22220,1,3,2,0,3,2,0,3,0,0,3,5,0
7800,7809,2351,28,1,100,5,593,17,1757,20,3280,0.1046,20,332,1758,1,2,22803,1,3,3,0,3,3,0,3,3,0,3,3,0
8000,8009,2413,30,3,96,10,580,18,1767,20,3344,0.0865,20,362,1753,1,2,23391,1,3,2,0,3,2,0,3,2,0,3,1,0
8200,8209,2464,32,1,99,6,565,17,1768,20,3392,0.0717,20,386,1769,2,4,23991,1,3,6,0,3,4,0,3,2,0,3,3,0
8400,8409,2513,34,1,102,9,579,19,1810,20,3482,0.0662,20,369,1787,2,4,24585,1,3,0,0,3,4,0,3,3,0,3,2,0
8600,8609,2589,36,1,100,7,571,20,1786,20,3545,0.0677,20,416,1775,5,10,25189,1,3,4,0,3,5,0,3,1,0,3,5,0
8800,8809,2642,39,2,102,9,581,18,1828,20,3638,0.0684,20,398,1822,5,10,25785,1,3,2,0,3,3,0,3,2,0,3,3,0
9000,9009,2700,42,3,100,12,586,17,1880,20,3698,0.0796,20,325,1860,5,10,26377,1,3,2,0,3,5,0,3,2,0,3,2,0
9200,9209,2768,44,2,98,10,594,19,1896,20,3812,0.0864,20,364,1893,5,10,26966,1,3,3,0,3,2,0,5,5,1,3,1,0
9400,9409,2830,47,0,101,6,585,20,1903,20,3893,0.0716,20,370,1904,6,12,27568,1,3,4,0,5,3,1,7,5,1,3,5,0
9600,9609,2888,49,1,100,12,602,17,1919,20,3932,0.0706,20,363,1883,4,8,28168,1,3,5,0,7,10,1,9,8,1,3,3,0
9800,9809,2953,52,1,100,10,602,18,1908,20,3983,0.0694,20,414,1932,3,6,28759,1,3,4,0,9,3,1,11,9,1,3,2,0
10000,10009,3015,54,2,100,9,601,20,1910,20,4054,0.0578,20,434,1941,4,8,29360,1,3,2,0,11,4,1,13,10,1,5,3,1
10200,10209,3082,56,2,99,10,582,18,1957,20,4112,0.0605,20,430,1965,4,8,29955,1,3,4,0,13,12,1,15,14,1,7,6,1
10400,10409,3143,59,0,103,9,594,18,1958,20,4174,0.0555,20,412,1978,4,8,30552,1,3,5,0,15,4,1,17,15,1,9,7,1
10600,10609,3212,61,2,101,4,583,17,1976,20,4292,0.0577,20,378,1957,4,8,31149,1,3,2,0,17,13,1,19,15,1,11,1,1
10800,10809,3267,63,2,103,11,602,17,2010,20,4343,0.0689,20,450,2037,6,12,31742,1,3,4,0,19,14,1,21,13,1,14,9,1
11000,11009,3336,66,3,104,9,617,19,2032,20,4382,0.0872,20,414,2017,6,12,32344,1,3,1,0,23,13,1,23,14,1,16,9,1
11200,11209,3399,69,1,98,6,605,20,2036,20,4443,0.0925,20,422,2021,6,12,32943,1,3,2,0,25,11,1,25,18,1,18,14,1
11400,11409,3456,72,2,96,8,614,19,2062,20,4548,0.0861,20,427,2090,6,12,33535,1,3,1,0,27,16,1,27,15,1,20,12,1
11600,11609,3515,74,2,100,14,610,20,2060,20,4618,0.086,20,414,2063,5,10,34129,1,3,2,0,29,17,1,29,15,1,22,16,1
11800,11809,3566,76,1,99,10,595,20,2120,20,4680,0.0761,20,436,2086,5,10,34723,1,3,3,0,31,16,1,31,17,1,25,14,1
12000,12009,3633,78,2,98,12,597,20,2148,20,4759,0.063,20,423,2081,6,12,35320,1,3,5,0,34,16,1,33,17,1,27,17,1
12200,12209,3700,80,2,101,14,619,19,2159,20,4906,0.0633,20,433,2142,6,12,35909,1,3,2,0,37,17,1,35,17,1,29,11,1
12400,12409,3760,84,3,98,14,640,20,2147,20,4941,0.0631,20,458,2134,6,12,36511,1,3,5,0,39,19,1,37,17,1,31,17,1
12600,12609,3815,87,1,99,7,609,20,2101,20,4963,0.0676,20,472,2160,5,10,37114,1,3,2,0,41,17,1,39,19,1,33,12,1
12800,12809,3864,91,2,101,8,602,20,2162,20,5028,0.0711,20,409,2189,6,12,37718,1,5,5,1,43,17,1,42,19,1,35,18,1
13000,13009,3932,94,0,100,10,614,20,2179,20,5072,0.089,20,417,2176,5,10,38320,1,7,6,1,45,16,1,45,18,1,37,13,1
13200,13209,4001,96,3,101,9,624,20,2228,20,5121,0.0837,20,473,2205,6,12,38925,1,9,6,1,47,15,1,47,20,1,39,15,1
13400,13409,4068,98,4,101,10,620,20,2194,20,5189,0.089,20,512,2227,6,12,39528,1,11,10,1,49,19,1,49,20,1,41,18,1
13600,13609,4130,100,2,101,11,617,20,2216,20,5296,0.0933,20,449,2198,7,14,40122,1,13,9,1,51,20,1,51,17,1,43,19,1
13800,13809,4187,102,2,100,14,634,20,2208,20,5328,0.0981,20,481,2296,7,14,40731,1,15,11,1,53,15,1,54,19,1,46,18,1
14000,14009,4251,106,3,94,12,628,20,2240,20,5453,0.0858,20,476,2232,7,14,41333,1,17,6,1,55,19,1,56,17,1,48,17,1
14200,14209,4297,108,2,100,13,618,20,2276,20,5483,0.071,20,468,2210,7,14,41930,1,19,9,1,57,20,1,58,19,1,50,19,1
